<Ui xmlns="http://www.blizzard.com/wow/ui/" xmlns:xsi="http://www.w3.org/2001/XMLSchema-instance" xsi:schemaLocation="http://www.blizzard.com/wow/ui/
..\FrameXML\UI.xsd">

<!--@no-lib-strip@-->
<Script file="Libs\LibStub\LibStub.lua"/>
<Include file="Libs\CallbackHandler-1.0\CallbackHandler-1.0.xml"/>

<Include file="Libs\LibBabble-Boss-3.0\lib.xml"/>
<Include file="Libs\LibBabble-Epoch-3.0\lib.xml"/>
<Include file="Libs\LibBabble-Faction-3.0\lib.xml"/>
<Include file="Libs\LibBabble-Inventory-3.0\lib.xml"/>
<Include file="Libs\LibBabble-Zone-3.0\lib.xml"/>

<Include file="Libs\LibAboutPanel\lib.xml"/>

<Include file="Libs\AceAddon-3.0\AceAddon-3.0.xml"/>
<Include file="Libs\AceDB-3.0\AceDB-3.0.xml"/>
<Include file="Libs\AceLocale-3.0\AceLocale-3.0.xml"/>
<Include file="Libs\AceSerializer-3.0\AceSerializer-3.0.xml"/>
<Include file="Libs\AceComm-3.0\AceComm-3.0.xml"/>

<Include file="Libs\DewdropLib\embeds.xml"/>
<Script file="Libs\DewdropLib\Dewdrop-2.0\Dewdrop-2.0.lua"/>
<!--@end-no-lib-strip@-->

<Script file="Libs\LibDataBroker-1.1\LibDataBroker-1.1.lua"/>

</Ui>